Company,Title,Description,Link
Proxify AB,Senior Flutter Developer,Latin America Only/Europe Only/EMEA Only,/company/proxify-ab
xymatic,Senior Flutter Developer (Full-time),"
			Summary Our mission is to deliver outstanding digital experiences to our customers through robust functionality and advanced technology. We prioritize efficiency and lean development practices to align top-tier software development with optimal performance and scalability. As we continue to innovate, we seek a Senior Flutter Developer to champion these values through the creation of versatile...		",https://berlinstartupjobs.com/engineering/senior-flutter-developer-full-time-xymatic/
Mindful,Senior Frontend Engineer:in â€“ Flutter (m/w/d),"
			We began shaping Mindfulâ€™s foundation about nine months ago, laying the infrastructure and starting to develop the backend. As a Senior Frontend Engineer, your role will be crucial in bringing the UI/UX design to life, building out the frontend for the web and app version and working with our team to ensure a seamless integration...		",https://berlinstartupjobs.com/engineering/senior-frontend-engineerin-flutter-m-w-d-mindful/
"   XMTP Labs, Inc.   ",   Senior Flutter Engineer   , Remote ,https://web3.career/senior-flutter-engineer-xmtp/60048
   Coinhako   ,   Senior Engineer Mobile Flutter Android   ," Singapore, Singapore ",https://web3.career/senior-engineer-mobile-flutter-android-coinhako/55494
   Lemon.io   ,   Flutter Developer   , Canada ,https://web3.career/flutter-developer-lemon-io/42345
   Longevity InTime BioTech   ,   Backend Data Scientist Kotlin SwiftUi Flutter Unity Solidity Django Python Vue ML AI Team   , United States ,https://web3.career/backend-data-scientist-kotlin-swiftui-flutter-unity-solidity-django-python-vue-ml-ai-team-longevityintimebiotech/41834
"  Learn job-ready web3 skills on your schedule with 1-on-1 support & get a job, or your money back.  ",  Web3 Solidity Bootcamp - Job Guaranteed ðŸ’¯  ,   by Metana  Bootcamp Info  ,https://web3.career/metana
   lemon.io   ,   Flutter Developer   , Remote ,https://web3.career/flutter-developer-lemon-io/38943
  Already know Solidity? Get up to speed quickly with Rust and Solana for Free  ,  60 Days of Solana | A Solana Course for Ethereum Devs  ,   by RareSkills  Learn More  ,https://web3.career/rareskills-solana
   Fitmint   ,   Senior Flutter Developer   ," Bengaluru, India ",https://web3.career/senior-flutter-developer-fitmint/30020
   Coinme   ,   Senior Mobile Engineer iOS Flutter Remote   ," Seattle, WA, United States ",https://web3.career/senior-mobile-engineer-ios-flutter-remote-coinme/26611
   Change   ,   Mobile Engineer Flutter   ," Tallinn, Estonia ",https://web3.career/mobile-engineer-flutter-changeinvest/18299
   Monarch Gaming (Genopets)   ,   Flutter Engineer   ," Los Angeles, CA, United States ",https://web3.career/flutter-engineer-genopets/18293
   What's Cookin'   ,   EQUITY ONLY Python React Flutter Solidity developer interns   ," Buenos Aires, Argentina ",https://web3.career/equity-only-python-react-flutter-solidity-developer-interns-what-s-cookin/16190
   Intetics Inc   ,   Android Flutter developer   ," Minsk, Belarus ",https://web3.career/android-flutter-developer-intetics/13812
   MobileCoin   ,   Flutter Engineer   , remote ,https://web3.career/flutter-engineer-mobilecoin/10553
